Treat_glyphosate,Treat_24D,Treatment,CH4,P_CH4,SE_CH4,Method_CH4,CO2,P_CO2,SE_CO2,Method_CO2,N2O,P_N2O,SE_N2O,Method_N2O,NH3,P_NH3,SE_NH3,Method_NH3,Rep,Sample_day
High,High,HH,1.068,7.59E-08,0.06802,LR,10.34,0.002928,2.56,LR,-43.28,0.002811,0.01064,LR,52.82,0.1139,0.03017,LR,1,0
High,High,HH,0.9473,8.26E-06,0.09438,LR,-10.14,4.72E-05,1.281,LR,7.345,0.6644,0.01631,LR,17.56,0.5244,0.02638,LR,1,0
High,High,HH,0.1657,0.002413,0.03975,LR,11.15,0.0014,2.455,LR,-57.19,0.002316,0.01362,LR,-19.17,0.4415,0.02381,LR,1,0
High,High,HH,0.5593,6.12E-06,0.05355,LR,-27.1,5.15E-05,3.466,LR,-11.15,0.2726,0.009468,LR,-28.47,0.5115,0.04145,LR,1,0
High,High,HH,1.671,5.86E-10,0.06135,LR,28.1,1.35E-05,3.304,LR,-25.33,0.1074,0.01416,LR,78.8,0.02329,0.02888,LR,1,3
High,High,HH,1.099,1.43E-07,0.07526,LR,24.9,6.49E-09,1.199,LR,-2.11,0.837,0.009965,LR,83.74,0.04974,0.03697,LR,1,3
High,High,HH,1.12,2.42E-07,0.07033,LR,35,3.61E-07,2.314,LR,-37.56,0.0009985,0.007448,LR,49.48,0.02368,0.01776,LR,1,3
High,High,HH,1.625,1.06E-07,0.09172,LR,43.4,2.45E-06,3.68,LR,-20.44,0.05733,0.009216,LR,-0.2898,0.9929,0.03143,LR,1,3
High,High,HH,1.438,4.14E-10,0.05076,LR,71.47,1.97E-09,3.007,LR,-25.99,0.01278,0.008391,LR,222.7,0.0001234,0.03473,LR,1,7
High,High,HH,1.298,1.35E-08,0.06791,LR,48.2,1.66E-09,1.989,LR,-2.095,0.8496,0.01074,LR,21.69,0.3457,0.02179,LR,1,7
High,High,HH,1.043,1.11E-08,0.04423,LR,48.43,4.52E-08,2.454,LR,-26.4,0.08494,0.01343,LR,210.7,1.03E-05,0.02163,LR,1,7
High,High,HH,1.865,1.56E-07,0.129,LR,39.52,1.48E-08,2.089,LR,-26.87,0.0431,0.01142,LR,-70.02,0.08312,0.03593,LR,1,7
High,High,HH,1.354,3.30E-06,0.1194,LR,96.33,3.03E-10,2.593,LR,57.56,0.002662,0.01343,LR,586.8,2.64E-06,0.05024,LR,1,14
High,High,HH,1.785,6.20E-08,0.1111,LR,69.69,1.92E-08,3.794,LR,-10.31,0.4257,0.01236,LR,435,9.45E-07,0.03713,LR,1,14
High,High,HH,1.249,1.27E-06,0.1218,LR,61.44,1.17E-08,3.658,LR,-17.19,0.1243,0.01024,LR,417.1,1.70E-07,0.03281,LR,1,14
High,High,HH,2.499,2.60E-07,0.1583,LR,89.28,2.20E-09,3.084,LR,-23.37,0.09828,0.01249,LR,707.7,7.87E-07,0.05174,LR,1,14
High,High,HH,2.232,3.46E-11,0.05967,LR,67.87,1.34E-09,2.734,LR,-7.708,0.3851,0.008443,LR,248.2,2.85E-05,0.03203,LR,1,21
High,High,HH,1.55,3.08E-15,0.03137,LR,42.9,1.64E-13,1.211,LR,-23.86,0.01712,0.008627,LR,212.7,7.31E-09,0.01499,LR,1,21
High,High,HH,1.42,1.99E-07,0.08697,LR,81.73,1.48E-08,3.594,LR,-11.68,0.3319,0.01131,LR,-31.77,0.2813,0.0275,LR,1,21
High,High,HH,1.832,1.46E-07,0.1078,LR,58.48,2.13E-07,3.611,LR,49.82,0.007483,0.01402,LR,293.6,1.99E-06,0.02424,LR,1,21
High,Low,HL,-0.1643,3.94E-07,0.01759,LR,-12.34,3.85E-07,1.318,LR,-13.35,0.07998,0.00703,LR,39.83,0.05635,0.01901,LR,1,0
High,Low,HL,0.8341,4.10E-10,0.02333,LR,-0.9406,0.737,2.705,LR,-29.96,0.06131,0.01377,LR,-60.56,0.02866,0.02274,LR,1,0
High,Low,HL,0.3818,9.37E-08,0.02491,LR,-0.288,0.7239,0.7901,LR,-6.147,0.6183,0.01191,LR,-86.41,0.04271,0.03664,LR,1,0
High,Low,HL,0.4854,2.32E-09,0.01688,LR,NA,0.0002307,15.33,LR,-11.13,0.4521,0.01408,LR,23.08,0.6084,0.04328,LR,1,0
High,Low,HL,-0.02433,0.8336,0.1125,LR,17.08,9.20E-05,2.562,LR,3.222,0.7234,0.008821,LR,44.88,0.05593,0.02046,LR,1,3
High,Low,HL,0.677,8.52E-05,0.09295,LR,26.01,1.30E-06,2.029,LR,-39.32,0.02079,0.01369,LR,58.34,0.2167,0.0435,LR,1,3
High,Low,HL,1.199,1.31E-08,0.06245,LR,34.05,6.01E-06,3.625,LR,-28.94,0.1388,0.01782,LR,-85.5,0.01682,0.0292,LR,1,3
High,Low,HL,1.615,6.30E-11,0.05643,LR,26.74,2.10E-09,1.334,LR,-21.28,0.02892,0.008347,LR,-13.22,0.6289,0.02652,LR,1,3
High,Low,HL,0.1255,0.09735,0.06785,LR,73.66,2.34E-11,1.885,LR,-36.28,0.0007902,0.007327,LR,133,0.0008833,0.02731,LR,1,7
High,Low,HL,1.08,6.53E-08,0.05734,LR,23.85,1.26E-06,1.853,LR,-3.878,0.636,0.007884,LR,-68.86,0.06979,0.03291,LR,1,7
High,Low,HL,0.9925,2.34E-07,0.06206,LR,22.94,1.38E-05,2.448,LR,-20.4,0.0744,0.009949,LR,143,0.00688,0.03962,LR,1,7
High,Low,HL,1.556,1.22E-09,0.06201,LR,36.18,2.88E-08,2.063,LR,-33.01,0.005483,0.009092,LR,123.8,0.002168,0.02919,LR,1,7
High,Low,HL,-0.06225,0.5231,0.09369,LR,49.55,1.11E-06,4.312,LR,-14.65,0.1899,0.01033,LR,78.47,0.03158,0.03086,LR,1,14
High,Low,HL,0.9837,5.01E-07,0.08684,LR,58.15,7.23E-08,4.182,LR,-4.459,0.7044,0.01142,LR,311.9,3.61E-07,0.02658,LR,1,14
High,Low,HL,1.7,5.78E-08,0.08887,LR,83.5,8.10E-09,3.402,LR,-15.69,0.225,0.01193,LR,304.2,0.0001731,0.04623,LR,2,14
High,Low,HL,NA,0.07727,16.59,HMR,58.35,2.57E-07,4.796,LR,-25.02,0.0603,0.01182,LR,433.3,1.39E-09,0.02072,LR,2,14
High,Low,HL,3.642,6.54E-08,0.1554,LR,56.47,7.60E-08,2.462,LR,-30.79,0.007601,0.008308,LR,297.7,0.0001695,0.04105,LR,1,14
High,Low,HL,-0.07137,0.07475,0.03485,LR,20.12,0.0002404,3.208,LR,-17.05,0.02549,0.006224,LR,138.2,0.006176,0.0375,LR,1,21
High,Low,HL,4.278,6.64E-10,0.1592,LR,-43.69,1.06E-05,4.986,LR,-4.558,0.7079,0.01178,LR,-2.639,0.9272,0.02809,LR,2,21
High,Low,HL,1.496,3.02E-06,0.08998,LR,35.61,0.0001506,4.217,LR,18.7,0.3914,0.02026,LR,452.4,0.0015,0.08209,LR,1,21
High,Low,HL,1.735,2.18E-09,0.05989,LR,14.99,0.0003341,2.51,LR,-24.46,0.1368,0.01479,LR,390.9,6.51E-05,0.05166,LR,1,21
High,None,HN,-0.09023,0.05245,0.04041,LR,-22.56,0.0001456,3.596,LR,-32.27,0.01158,0.01022,LR,-16.87,0.6398,0.03484,LR,1,0
High,None,HN,0.8048,8.32E-07,0.05927,LR,42,1.61E-08,1.867,LR,-3.954,0.7525,0.01211,LR,-71.16,0.09732,0.03791,LR,1,0
High,None,HN,0.1158,0.1248,0.06912,LR,35.51,1.06E-10,1.307,LR,-3.412,0.7312,0.009659,LR,6.072,0.7623,0.01953,LR,1,0
High,None,HN,0.1886,0.0005012,0.0336,LR,-27.5,2.56E-08,1.296,LR,-6.185,0.5423,0.00972,LR,-31.2,0.4976,0.04392,LR,1,0
High,None,HN,0.1142,0.3241,0.1094,LR,19.92,4.26E-05,2.705,LR,-26.46,0.01044,0.00821,LR,-27.59,0.3749,0.02955,LR,1,3
High,None,HN,0.859,5.95E-13,0.02704,LR,33.35,1.77E-10,1.702,LR,-16.13,0.0537,0.007541,LR,52.59,0.0338,0.02196,LR,1,3
High,None,HN,1.02,1.21E-05,0.107,LR,58.46,5.04E-06,5.454,LR,-35.77,0.06777,0.01694,LR,59.27,0.09782,0.03163,LR,1,3
High,None,HN,1.54,1.00E-09,0.06003,LR,38.08,4.83E-06,3.948,LR,-12.93,0.2504,0.01052,LR,-43.92,0.1247,0.02594,LR,1,3
High,None,HN,0.7582,1.66E-08,0.05239,LR,17.8,1.53E-06,1.915,LR,-16.77,0.09425,0.009156,LR,-7.21,0.6311,0.0146,LR,1,3
High,None,HN,0.05007,0.4662,0.06544,LR,21.92,8.93E-06,2.207,LR,-21.55,0.0499,0.009342,LR,16.82,0.6132,0.03198,LR,1,7
High,None,HN,0.85,1.78E-08,0.04587,LR,38.99,1.89E-07,2.759,LR,14.91,0.2285,0.01154,LR,8.675,0.7578,0.02728,LR,1,7
High,None,HN,1.492,6.05E-08,0.07846,LR,44.23,7.04E-08,2.371,LR,-30.18,0.07888,0.01499,LR,106,0.00147,0.02237,LR,1,7
High,None,HN,0.8532,1.40E-06,0.06722,LR,35.03,6.98E-07,2.522,LR,-26.52,0.06382,0.01234,LR,29.69,0.2472,0.02378,LR,1,7
High,None,HN,0.3126,0.009433,0.09209,LR,59.96,3.10E-07,3.887,LR,-12.81,0.2817,0.0111,LR,322.2,5.80E-05,0.0419,LR,1,14
High,None,HN,0.9452,2.38E-05,0.1192,LR,63.87,2.25E-07,4.612,LR,124.2,0.0001153,0.01919,LR,213.8,1.47E-05,0.02539,LR,1,14
High,None,HN,3.907,4.34E-11,0.1314,LR,96.39,6.37E-13,2.12,LR,-19.01,0.09623,0.01035,LR,115.9,0.01377,0.03889,LR,1,14
High,None,HN,1.187,2.89E-08,0.06772,LR,54,6.31E-07,4.396,LR,-8.257,0.5336,0.01276,LR,536.2,7.33E-07,0.04443,LR,1,14
High,None,HN,0.002219,0.9598,0.04282,LR,10.67,0.001614,2.401,LR,-21.61,0.02087,0.00773,LR,64.56,0.02757,0.02459,LR,1,21
High,None,HN,1.432,3.69E-07,0.09492,LR,-32.22,0.0001053,4.559,LR,-19.63,0.1626,0.01277,LR,-85.79,0.03374,0.03353,LR,1,21
High,None,HN,0.725,1.24E-05,0.08436,LR,30.32,3.35E-07,2.293,LR,-23.71,0.1272,0.01411,LR,378,1.28E-06,0.03344,LR,1,21
High,None,HN,1.204,4.29E-07,0.0814,LR,33.77,0.0002322,5.358,LR,-11.88,0.3479,0.01192,LR,452.2,1.88E-06,0.03704,LR,1,21
Low,High,LH,0.7714,1.09E-08,0.03263,LR,-6.018,0.1146,3.399,LR,-49.81,4.08E-05,0.006167,LR,19.91,0.4837,0.02711,LR,1,0
Low,High,LH,1.209,2.82E-06,0.1044,LR,-18.04,0.0001224,2.608,LR,-28.98,0.1086,0.01605,LR,21.08,0.3088,0.01939,LR,1,0
Low,High,LH,0.9423,1.06E-11,0.03278,LR,-0.03981,0.9735,1.174,LR,-14.78,0.05679,0.006945,LR,13.78,0.5568,0.02275,LR,1,0
Low,High,LH,0.7203,6.10E-08,0.03791,LR,-24.08,0.0007035,4.519,LR,3.104,0.852,0.01611,LR,-0.572,0.9876,0.03559,LR,1,0
Low,High,LH,1.107,6.86E-07,0.09101,LR,16.17,0.0002164,2.72,LR,54.14,4.72E-05,0.007448,LR,34.97,0.1757,0.02379,LR,1,3
Low,High,LH,1.188,9.74E-07,0.1017,LR,12.41,0.009459,3.777,LR,-9.926,0.3815,0.01079,LR,3.483,0.886,0.02361,LR,1,3
Low,High,LH,0.9669,2.08E-07,0.06918,LR,14.62,2.10E-06,1.372,LR,16.42,0.1832,0.01139,LR,-3.44,0.9001,0.02663,LR,1,3
Low,High,LH,1.159,1.87E-07,0.0704,LR,15.2,0.001033,3.031,LR,-4.705,0.7024,0.01188,LR,17.91,0.4455,0.02233,LR,1,3
Low,High,LH,1.155,7.23E-12,0.02593,LR,-28.42,2.79E-06,2.759,LR,-5.605,0.4033,0.006391,LR,28.55,0.2992,0.02592,LR,1,7
Low,High,LH,0.9095,2.19E-07,0.06547,LR,-3.225,0.1449,2.021,LR,15.66,0.2664,0.01322,LR,59.48,0.08491,0.03073,LR,1,7
Low,High,LH,1.011,3.11E-08,0.05815,LR,11.69,0.001205,2.515,LR,63.58,3.73E-05,0.008487,LR,64.66,0.01358,0.02113,LR,1,7
Low,High,LH,1.16,7.83E-08,0.06302,LR,0.5967,0.7389,1.729,LR,-14.98,0.1716,0.009977,LR,31.64,0.1775,0.0214,LR,1,7
Low,High,LH,3.855,0.08293,1.783,HMR,-31.11,7.24E-06,2.171,LR,89.02,0.0001721,0.0108,LR,57.13,0.1818,0.03783,LR,1,14
Low,High,LH,1.06,0.0009036,0.1926,LR,-30.39,0.0004867,4.975,LR,-12.26,0.3724,0.01287,LR,39.54,0.1457,0.02416,LR,1,14
Low,High,LH,1.295,2.20E-09,0.05518,LR,-27.75,3.00E-06,2.717,LR,14.12,0.1718,0.009509,LR,37.65,0.2861,0.0332,LR,1,14
Low,High,LH,1.166,1.04E-05,0.1328,LR,-6.572,0.001484,1.46,LR,-27.26,0.05115,0.01212,LR,-250.9,3.29E-06,0.02484,LR,1,14
Low,High,LH,1.225,0.0002198,0.1552,LR,-19.15,0.001265,3.362,LR,22.67,0.03077,0.008068,LR,-39.55,0.3209,0.03656,LR,1,21
Low,High,LH,1.461,6.48E-07,0.1193,LR,2.524,0.2231,1.929,LR,-15.72,0.1295,0.009421,LR,-17.71,0.3443,0.01774,LR,1,21
Low,High,LH,1.799,5.10E-08,0.09255,LR,-11.47,7.78E-05,1.554,LR,-6.864,0.6555,0.01481,LR,-75.49,0.05388,0.03343,LR,1,21
Low,High,LH,1.812,2.69E-07,0.1153,LR,13.18,0.001101,2.656,LR,15.05,0.04604,0.006381,LR,42.92,0.09378,0.02257,LR,1,21
Low,Low,LL,1.344,2.39E-10,0.0446,LR,-2.513,0.1375,1.542,LR,-4.067,0.5803,0.00709,LR,0.8682,0.9811,0.03564,LR,1,0
Low,Low,LL,0.9044,8.95E-07,0.06724,LR,18.12,6.28E-05,2.383,LR,-10.97,0.1691,0.007257,LR,13.27,0.716,0.03521,LR,1,0
Low,Low,LL,0.5145,1.80E-05,0.05694,LR,30.78,0.0001094,4.38,LR,-13.02,0.4075,0.0149,LR,-3.305,0.8832,0.02178,LR,1,0
Low,Low,LL,0.76,2.64E-07,0.04826,LR,-25.04,9.37E-07,1.873,LR,-3.351,0.7608,0.01064,LR,1.441,0.9503,0.02241,LR,1,0
Low,Low,LL,0.7866,9.33E-05,0.1182,LR,-19.8,7.50E-06,2.166,LR,-18.71,0.1682,0.01249,LR,61.89,0.03342,0.02468,LR,1,3
Low,Low,LL,1.916,6.01E-09,0.07516,LR,3.528,0.2337,2.739,LR,19.04,0.2547,0.01552,LR,-32.62,0.1684,0.02154,LR,1,3
Low,Low,LL,1.23,2.11E-06,0.1023,LR,-5.018,0.04041,2.055,LR,-13.02,0.2468,0.01042,LR,-94.04,0.01177,0.02897,LR,1,3
Low,Low,LL,1.165,7.82E-09,0.05729,LR,-16.63,0.0001538,2.67,LR,-18.42,0.02474,0.006846,LR,-59.71,0.06067,0.02785,LR,1,3
Low,Low,LL,6.291,1.32E-05,0.7378,LR,-16.37,7.89E-06,1.802,LR,6.654,0.4613,0.008646,LR,-17.63,0.4122,0.02051,LR,1,7
Low,Low,LL,1.11,7.20E-07,0.08022,LR,-8.426,0.0001995,1.307,LR,-8.979,0.2437,0.007135,LR,29.29,0.3938,0.0325,LR,1,7
Low,Low,LL,0.9721,8.32E-08,0.05324,LR,-7.222,0.02205,2.549,LR,-35.8,0.01352,0.01135,LR,-3.079,0.9382,0.03849,LR,1,7
Low,Low,LL,1.504,5.00E-07,0.1037,LR,-32.94,6.78E-06,3.196,LR,-4.373,0.7265,0.01207,LR,-68.26,0.07848,0.03385,LR,1,7
Low,Low,LL,0.8149,5.96E-07,0.07975,LR,-7.406,0.01026,2.396,LR,26.02,0.0008593,0.005745,LR,-186,1.51E-05,0.02542,LR,1,14
Low,Low,LL,1.18,3.45E-07,0.07754,LR,-31.56,0.0003885,5.406,LR,-24.02,0.02305,0.008565,LR,-37.43,0.3954,0.04168,LR,1,14
Low,Low,LL,1.372,6.95E-07,0.09871,LR,-26.62,5.18E-08,1.372,LR,1.691,0.8784,0.01071,LR,-56.82,0.1084,0.03144,LR,1,14
Low,Low,LL,1.293,6.48E-06,0.1247,LR,-79.92,5.57E-08,4.159,LR,-51.73,0.004469,0.01322,LR,-233.7,0.001581,0.04992,LR,1,14
Low,Low,LL,1.353,2.44E-05,0.1163,LR,-26.91,0.00384,5.898,LR,-5.945,0.7812,0.02046,LR,-49.44,0.3782,0.05198,LR,1,21
Low,Low,LL,1.144,4.58E-07,0.07796,LR,-78.15,8.48E-08,4.29,LR,-20.27,0.04417,0.008496,LR,-41.59,0.09391,0.02189,LR,1,21
Low,Low,LL,1.557,5.64E-06,0.1041,LR,-47.77,3.69E-05,4.415,LR,-11.82,0.4955,0.01629,LR,3.296,0.9458,0.04653,LR,1,21
Low,Low,LL,1.594,5.77E-12,0.04376,LR,-55.5,2.28E-10,2.208,LR,-16.47,0.2122,0.01236,LR,-56.66,0.1197,0.0333,LR,1,21
Low,None,LN,0.06646,0.5032,0.0948,LR,-1.285,0.5942,2.316,LR,-26.14,0.09108,0.01362,LR,-34.88,0.296,0.0312,LR,1,0
Low,None,LN,1.045,6.69E-06,0.1012,LR,18.84,2.62E-05,2.194,LR,-38.28,0.001081,0.007689,LR,-12.81,0.6519,0.02733,LR,1,0
Low,None,LN,-3.15E-24,0.1052,1.75E-24,LR,37.8,1.63E-06,3.441,LR,-3.19,0.8821,0.0209,LR,19.66,0.6955,0.04865,LR,1,0
Low,None,LN,0.6447,9.60E-08,0.04219,LR,3.665,0.1577,2.378,LR,4.759,0.5716,0.008108,LR,10.34,0.6828,0.0245,LR,1,0
Low,None,LN,0.01984,0.764,0.06385,LR,-32.5,3.68E-06,2.909,LR,2.14E-13,1,0.008113,LR,-60.17,0.2543,0.04899,LR,1,3
Low,None,LN,1.194,1.79E-06,0.1099,LR,-3.452,0.3088,3.2,LR,0.9561,0.9272,0.01017,LR,-3.408,0.9023,0.02699,LR,1,3
Low,None,LN,1.207,2.04E-08,0.06615,LR,-22.71,2.06E-05,2.814,LR,-34.91,0.003876,0.009054,LR,-23.07,0.2543,0.01895,LR,1,3
Low,None,LN,0.9993,7.73E-08,0.05421,LR,5.902,0.1147,3.334,LR,-2.539,0.8383,0.01204,LR,11.76,0.6304,0.02351,LR,1,3
Low,None,LN,0.03141,0.5932,0.05672,LR,-33.72,2.32E-06,3.202,LR,-3.701,0.756,0.01155,LR,-9.399,0.7682,0.03095,LR,1,7
Low,None,LN,1.237,4.47E-11,0.03401,LR,-24.41,9.11E-06,2.734,LR,-10.12,0.4495,0.0128,LR,-24.74,0.4133,0.02884,LR,1,7
Low,None,LN,1.462,6.98E-07,0.1053,LR,-34.01,2.77E-07,2.173,LR,-21.98,0.02315,0.007845,LR,12.37,0.7784,0.0425,LR,1,7
Low,None,LN,0.9696,4.43E-07,0.07574,LR,-5.177,0.1706,3.476,LR,-29.92,0.003311,0.007559,LR,-50.37,0.1197,0.0293,LR,1,7
Low,None,LN,0.05729,0.6318,0.1155,LR,-32.3,3.32E-06,3.201,LR,-9.813,0.4113,0.01139,LR,-265.2,0.0002237,0.0448,LR,1,14
Low,None,LN,1.595,3.84E-06,0.1435,LR,-4.035,0.178,2.733,LR,11.11,0.3749,0.01182,LR,-3.465,0.9066,0.0286,LR,1,14
Low,None,LN,4.008,0.0002052,0.5017,HMR,-31.89,1.77E-07,1.572,LR,-13.81,0.2729,0.01161,LR,-170.5,0.002601,0.03737,LR,1,14
Low,None,LN,0.9692,4.38E-05,0.1321,LR,-19.38,1.54E-07,1.339,LR,-29.29,0.03457,0.01177,LR,-16.21,0.5414,0.02553,LR,1,14
Low,None,LN,0.07763,0.4451,0.09666,LR,-25.87,3.96E-05,3.189,LR,-10.65,0.4244,0.01265,LR,-27.96,0.5843,0.04906,LR,1,21
Low,None,LN,1.582,2.99E-10,0.05382,LR,-21.19,4.01E-06,2.148,LR,-25.32,0.02214,0.009177,LR,-55.36,0.02261,0.02016,LR,1,21
Low,None,LN,1.347,4.46E-06,0.1065,LR,-25.54,4.23E-05,2.834,LR,-42.69,0.02775,0.01542,LR,-183.6,0.02258,0.06303,LR,1,21
Low,None,LN,1.609,1.21E-10,0.04947,LR,-32.28,1.84E-07,2.277,LR,-15.72,0.06563,0.007502,LR,-18.35,0.5024,0.02627,LR,1,21
Medium,Medium,MM,0.1943,0.00475,0.0522,LR,8.09,0.00807,2.39,LR,-40.94,0.002144,0.009634,LR,31.69,0.308,0.02933,LR,1,0
Medium,Medium,MM,0.797,5.53E-08,0.04895,LR,-18.33,0.0001166,2.837,LR,-4.54,0.6997,0.0114,LR,-45.8,0.0876,0.0239,LR,1,0
Medium,Medium,MM,0.3145,0.002443,0.07229,LR,-0.4054,0.9185,3.839,LR,-22.69,0.1795,0.01542,LR,-7.196,0.7874,0.0258,LR,1,0
Medium,Medium,MM,0.9061,1.01E-06,0.07794,LR,-27.98,5.18E-05,3.895,LR,-9.974,0.4037,0.01138,LR,65.55,0.02218,0.02377,LR,1,0
Medium,Medium,MM,0.6808,6.93E-08,0.04292,LR,20.6,1.02E-05,2.338,LR,125,1.56E-05,0.01496,LR,-25.52,0.4412,0.03168,LR,1,3
Medium,Medium,MM,1.015,6.25E-08,0.06325,LR,-14.85,0.0008144,3.012,LR,-31.59,0.02189,0.01142,LR,11.65,0.6791,0.02724,LR,1,3
Medium,Medium,MM,0.4689,0.0004971,0.09279,LR,-0.5552,0.8877,3.833,LR,225.3,3.23E-08,0.0149,LR,-15.5,0.6205,0.03034,LR,1,3
Medium,Medium,MM,0.9513,2.34E-07,0.069,LR,-10.62,0.006264,2.997,LR,-47.89,0.006723,0.01368,LR,22.63,0.5475,0.03621,LR,1,3
Medium,Medium,MM,0.8663,5.77E-08,0.05348,LR,-12.91,0.0001157,1.996,LR,15.12,0.07589,0.007538,LR,-88.74,0.008206,0.0263,LR,1,7
Medium,Medium,MM,1.156,1.92E-08,0.0525,LR,-9.832,0.01929,3.367,LR,-24.26,0.09819,0.01296,LR,-123.5,0.003816,0.03069,LR,1,7
Medium,Medium,MM,1.259,1.01E-06,0.09506,LR,-16.7,0.004108,4.205,LR,-19.55,0.08001,0.009756,LR,2.855,0.9165,0.02639,LR,1,7
Medium,Medium,MM,0.9599,5.19E-10,0.03475,LR,-9.303,0.001057,1.962,LR,-29.24,0.09743,0.01581,LR,-24.24,0.4067,0.02785,LR,1,7
Medium,Medium,MM,0.5757,1.13E-05,0.06617,LR,-21.27,2.49E-05,2.698,LR,8.938,0.4761,0.01202,LR,-60.45,0.0307,0.02362,LR,1,14
Medium,Medium,MM,1.434,5.21E-07,0.1141,LR,-8.23,1.08E-05,0.9409,LR,-25.75,0.03035,0.01003,LR,-11.19,0.585,0.01976,LR,1,14
Medium,Medium,MM,0.8643,9.63E-05,0.1207,LR,-37.2,4.16E-07,2.504,LR,27.02,0.171,0.01797,LR,13.53,0.6489,0.02861,LR,1,14
Medium,Medium,MM,1.735,8.65E-09,0.07125,LR,-3.474,0.4407,4.281,LR,-20.66,0.2061,0.01501,LR,39.97,0.2587,0.03288,LR,1,14
Medium,Medium,MM,1.063,3.67E-05,0.09818,LR,-25.91,3.18E-05,2.334,LR,-23.52,0.1866,0.01578,LR,70.62,0.2824,0.05982,LR,1,21
Medium,Medium,MM,1.314,7.12E-09,0.0639,LR,-6.314,0.01395,2.075,LR,-7.158,0.5689,0.01211,LR,-103.1,0.02705,0.0391,LR,1,21
Medium,Medium,MM,1.179,1.14E-08,0.0605,LR,-47.09,1.82E-07,3.317,LR,-4.639,0.6139,0.008878,LR,-172.7,0.0005464,0.03307,LR,1,21
Medium,Medium,MM,1.146,2.75E-07,0.07318,LR,-48.95,3.14E-06,4.29,LR,-33.97,0.0007112,0.006386,LR,-172.3,0.0003712,0.02932,LR,2,21
Medium,None,MN,-0.3294,1.65E-06,0.03002,LR,10.4,5.04E-05,1.443,LR,-11.37,0.1201,0.00662,LR,47.34,0.203,0.03448,LR,1,0
Medium,None,MN,0.5119,1.91E-06,0.03568,LR,5.874,0.09056,2.994,LR,-15.97,0.3422,0.01568,LR,15.51,0.7256,0.04246,LR,1,0
Medium,None,MN,0.733,5.32E-08,0.03791,LR,-15.83,9.21E-05,2.197,LR,-18.37,0.2054,0.01332,LR,19.56,0.6623,0.04314,LR,1,0
Medium,None,MN,0.4252,5.94E-07,0.02998,LR,-12.25,0.005052,3.201,LR,-30.87,0.02903,0.01163,LR,-47.73,0.05578,0.02134,LR,1,0
Medium,None,MN,1.295,1.41E-10,0.04052,LR,-22.79,3.30E-07,1.72,LR,2.487,0.6805,0.005846,LR,-30.4,0.4318,0.03694,LR,1,3
Medium,None,MN,1.019,1.02E-09,0.04723,LR,-18.36,0.0002925,3.386,LR,-43.46,0.001149,0.009663,LR,39.09,0.1012,0.02166,LR,1,3
Medium,None,MN,0.7264,3.63E-08,0.04253,LR,-15.04,0.002207,3.555,LR,-19.38,0.06032,0.009025,LR,-27.12,0.3909,0.03009,LR,1,3
Medium,None,MN,-0.1715,0.00491,0.04632,LR,-11.91,0.003508,3.038,LR,-10.22,0.2967,0.009229,LR,-70.46,0.07706,0.0353,LR,1,7
Medium,None,MN,0.6263,8.44E-06,0.06258,LR,-13.61,0.007563,3.839,LR,35.23,0.0101,0.01052,LR,-26.04,0.3856,0.02838,LR,1,7
Medium,None,MN,1.089,3.92E-09,0.04952,LR,-10.44,0.0006516,2.05,LR,-25.14,0.01375,0.008238,LR,-44.81,0.1529,0.0287,LR,1,7
Medium,None,MN,0.7865,7.77E-13,0.02531,LR,-9.067,2.27E-06,1.079,LR,-11.92,0.02463,0.004643,LR,-13.47,0.5042,0.01956,LR,1,7
Medium,None,MN,-0.4784,0.0004469,0.08373,LR,-8.008,0.09787,4.274,LR,146,5.55E-05,0.01887,LR,-93.33,0.003799,0.02317,LR,1,14
Medium,None,MN,0.6633,3.04E-05,0.08628,LR,-49.99,1.11E-06,4.349,LR,24.76,0.06558,0.01181,LR,-17.86,0.6476,0.03778,LR,1,14
Medium,None,MN,1.57,9.16E-09,0.07856,LR,-22.46,1.45E-06,2.017,LR,-30.29,0.01262,0.009754,LR,-36.86,0.2816,0.03219,LR,1,14
Medium,None,MN,0.8542,6.78E-05,0.1311,LR,-26.24,0.0001348,4.384,LR,-30.17,0.02108,0.01104,LR,-20.64,0.5252,0.03135,LR,1,14
Medium,None,MN,-0.279,0.01587,0.08386,LR,-8.717,0.2206,6.377,LR,-6.339,0.6188,0.01209,LR,-68.18,0.146,0.04082,LR,1,21
Medium,None,MN,1.012,1.88E-05,0.1127,LR,-34.77,2.52E-05,4.029,LR,-17.21,0.2534,0.01398,LR,-82.07,0.06346,0.03812,LR,1,21
Medium,None,MN,1.197,9.70E-06,0.1351,LR,-6.264,0.1565,4.051,LR,-5.991,0.6052,0.01118,LR,-145.2,0.009832,0.04453,LR,1,21
Medium,None,MN,1.035,9.28E-08,0.06745,LR,-42.79,7.63E-06,4.689,LR,-17.93,0.2708,0.01528,LR,-1.315,0.9543,0.02233,LR,1,21
None,High,NH,0.6506,1.48E-07,0.03834,LR,-5.551,0.009289,1.63,LR,-11.33,0.07303,0.005491,LR,63.19,0.119,0.03619,LR,1,0
None,High,NH,0.993,3.90E-09,0.04512,LR,-25.07,6.51E-06,2.695,LR,-28.32,0.02639,0.01068,LR,2.95,0.9214,0.02907,LR,1,0
None,High,NH,0.603,4.84E-08,0.03082,LR,-0.9861,0.6195,1.909,LR,-8.485,0.5824,0.01481,LR,1.479,0.9624,0.03039,LR,1,0
None,High,NH,0.7412,2.95E-06,0.06442,LR,-15.4,0.0001454,2.283,LR,-3.227,0.7912,0.01179,LR,7.946,0.8042,0.03101,LR,1,0
None,High,NH,0.5908,5.43E-06,0.05566,LR,19.44,2.94E-06,1.689,LR,-8.939,0.6838,0.02116,LR,1.153,0.971,0.03071,LR,1,3
None,High,NH,1.806,4.75E-10,0.05146,LR,33.77,5.83E-07,2.375,LR,4.024,0.699,0.01004,LR,-23.07,0.4088,0.02646,LR,1,3
None,High,NH,1.374,3.08E-09,0.06079,LR,31.56,7.07E-07,2.603,LR,-26.37,0.1071,0.01473,LR,38.1,0.4357,0.04671,LR,1,3
None,High,NH,1.067,1.06E-08,0.0543,LR,21.66,6.12E-05,3.081,LR,-38.17,0.00987,0.01172,LR,-4.504,0.8305,0.02044,LR,1,3
None,High,NH,0.7815,2.06E-07,0.05585,LR,-12.22,1.93E-06,1.135,LR,-9.699,0.3014,0.008846,LR,58.25,0.09704,0.03145,LR,1,7
None,High,NH,1.184,2.75E-09,0.05174,LR,0.2004,0.912,1.763,LR,-13.58,0.1525,0.008689,LR,57.57,0.05849,0.02658,LR,1,7
None,High,NH,0.7884,6.59E-15,0.03127,LR,8.882,3.74E-05,1.609,LR,-14.81,0.01163,0.00524,LR,60.42,3.09E-05,0.01076,LR,1,7
None,High,NH,0.9308,3.39E-07,0.07879,LR,-1.572,0.6023,2.922,LR,-22.94,0.07742,0.01166,LR,40.03,0.1806,0.02781,LR,1,7
None,High,NH,1.115,3.09E-08,0.0538,LR,-42.75,6.74E-08,2.279,LR,30.69,0.1274,0.01804,LR,40.6,0.1871,0.02814,LR,1,14
None,High,NH,1.657,0.0004065,0.1989,LR,-95.51,6.37E-05,7.786,LR,-20.31,0.342,0.01935,LR,-102.8,0.1906,0.06793,LR,2,14
None,High,NH,NA,0.06745,19.7,HMR,-83.12,2.12E-07,5.132,LR,-44.15,0.006175,0.01198,LR,-187.8,0.000928,0.03681,LR,1,14
None,High,NH,1.194,8.82E-05,0.1485,LR,-7.576,0.181,5.1,LR,-25.17,0.1171,0.01408,LR,10.79,0.8285,0.04798,LR,1,14
None,High,NH,1.588,8.43E-11,0.0469,LR,-19.49,7.59E-06,2.134,LR,-26.01,0.02724,0.009881,LR,-235.3,7.67E-06,0.02581,LR,1,14
None,High,NH,0.9872,1.87E-07,0.06976,LR,-41.81,8.91E-08,2.713,LR,-8.023,0.447,0.01009,LR,-19.73,0.5366,0.03071,LR,1,21
None,High,NH,1.199,5.71E-06,0.05979,LR,-33.5,2.35E-05,2.227,LR,-14.89,0.6388,0.02982,LR,-164.5,0.04773,0.06307,LR,1,21
None,High,NH,1.573,1.81E-08,0.07097,LR,12.08,0.001453,2.545,LR,-33.23,0.02508,0.01209,LR,46.48,0.1774,0.03142,LR,1,21
None,High,NH,3.903,6.39E-08,0.2067,LR,37.02,6.23E-07,2.626,LR,-13.86,0.2372,0.01085,LR,-9.194,0.8396,0.04397,LR,2,21
None,Low,NL,1.045,6.70E-07,0.08571,LR,-17.62,0.0001519,2.824,LR,-15.55,0.09064,0.008205,LR,-31.89,0.03921,0.01323,LR,1,0
None,Low,NL,0.6684,7.99E-07,0.04896,LR,-2.052,0.4577,2.63,LR,-19.51,0.1993,0.01394,LR,-28.68,0.2972,0.02573,LR,1,0
None,Low,NL,0.1233,0.06498,0.05867,LR,48.42,9.31E-07,4.126,LR,7.771,0.5302,0.0119,LR,8.697,0.7795,0.03015,LR,1,0
None,Low,NL,-0.04392,0.4819,0.05956,LR,6.283,0.03492,2.477,LR,-15.66,0.2525,0.0127,LR,-24.44,0.5165,0.03601,LR,1,0
None,Low,NL,1.107,2.42E-06,0.09374,LR,-40.54,1.30E-06,3.164,LR,0.5756,0.956,0.0101,LR,-80.93,0.01065,0.02443,LR,1,3
None,Low,NL,0.8301,1.47E-07,0.05704,LR,-45.08,1.56E-07,3.119,LR,-4.863,0.6131,0.009285,LR,-12.03,0.5101,0.01754,LR,1,3
None,Low,NL,1.362,3.30E-10,0.04687,LR,-2.728,0.4597,3.533,LR,-10.49,0.3102,0.009754,LR,-9.281,0.5955,0.01686,LR,1,3
None,Low,NL,0.8219,1.72E-07,0.04941,LR,-17.22,0.002947,4.088,LR,-15.48,0.4218,0.01828,LR,1.606,0.9524,0.02608,LR,1,3
None,Low,NL,1.344,1.89E-06,0.1101,LR,-40.96,3.58E-08,2.015,LR,-30.25,0.02906,0.0114,LR,-140.9,0.01252,0.04397,LR,1,7
None,Low,NL,1.221,7.94E-08,0.0665,LR,-17.71,3.71E-05,2.164,LR,6.962,0.4408,0.008585,LR,-145.8,0.01421,0.04672,LR,1,7
None,Low,NL,1.092,1.58E-09,0.03618,LR,-21.8,5.36E-07,1.516,LR,-23.64,0.1732,0.01581,LR,16.56,0.5971,0.03009,LR,1,7
None,Low,NL,0.6163,5.33E-06,0.06466,LR,-14.64,2.22E-05,1.831,LR,-35.77,0.003703,0.009207,LR,-77.3,0.008158,0.02289,LR,1,7
None,Low,NL,1.294,0.007006,0.2539,LR,-69.12,0.0002001,5.304,LR,-21.96,0.2139,0.01487,LR,23.6,0.6669,0.0509,LR,2,14
None,Low,NL,0.8396,6.52E-06,0.09028,LR,-55.4,5.11E-07,4.4,LR,-4.32,0.5566,0.007075,LR,3.597,0.8964,0.02686,LR,1,14
None,Low,NL,1.611,5.67E-11,0.04552,LR,-15.87,1.85E-05,1.94,LR,-4.882,0.6141,0.009348,LR,-40.11,0.147,0.02528,LR,1,14
None,Low,NL,1.064,2.34E-05,0.122,LR,-34.09,3.35E-05,4.109,LR,-24.66,0.1326,0.01473,LR,-294.7,2.63E-06,0.02522,LR,1,14
None,Low,NL,1.488,8.86E-06,0.1303,LR,-56.65,4.79E-09,1.659,LR,-15.97,0.1707,0.01046,LR,-100.1,0.1078,0.0543,LR,2,21
None,Low,NL,9.078,4.98E-10,0.2602,LR,-48.39,2.68E-06,4.153,LR,-15.92,0.1874,0.01104,LR,-3.55,0.9398,0.04558,LR,1,21
None,Low,NL,1.089,3.38E-06,0.0964,LR,-26.44,1.83E-07,1.602,LR,-2.167,0.9031,0.01725,LR,-225.8,0.0001627,0.03401,LR,1,21
None,Low,NL,1.134,4.19E-10,0.05542,LR,-44.33,3.63E-10,2.138,LR,-9.958,0.2579,0.008347,LR,-40.71,0.2303,0.03206,LR,1,21
None,Low,NL,1.216,6.12E-08,0.07555,LR,-13.37,2.66E-05,1.711,LR,-42.24,0.05034,0.01871,LR,-128.4,0.001193,0.02758,LR,1,21
None,Medium,NM,-0.2357,0.0001612,0.03808,LR,2.289,0.5039,3.289,LR,-11.66,0.3262,0.01123,LR,-4.772,0.8675,0.0278,LR,1,0
None,Medium,NM,0.5688,8.71E-07,0.04214,LR,28.34,1.39E-07,1.656,LR,-28.87,0.07361,0.01403,LR,7.132,0.7739,0.024,LR,1,0
None,Medium,NM,0.07009,0.3255,0.06739,LR,-12.95,9.37E-06,1.455,LR,-3.304,0.7585,0.01042,LR,-41.41,0.1221,0.02427,LR,1,0
None,Medium,NM,0.2535,6.02E-05,0.03598,LR,-18.94,1.17E-07,1.268,LR,-12.78,0.3504,0.01298,LR,-10.9,0.4924,0.01523,LR,1,0
None,Medium,NM,-0.1094,0.06686,0.0525,LR,21.86,0.0003082,3.859,LR,154.6,1.09E-06,0.01342,LR,33.49,0.2996,0.03043,LR,1,3
None,Medium,NM,1.09,4.73E-07,0.07464,LR,18.95,0.0006721,3.53,LR,85.86,0.001175,0.01748,LR,15.95,0.6708,0.03616,LR,1,3
None,Medium,NM,0.5034,1.63E-06,0.04582,LR,-16.21,0.003877,4.205,LR,-32.04,0.009339,0.00973,LR,32.45,0.07948,0.01642,LR,1,3
None,Medium,NM,0.07635,0.2111,0.05671,LR,-0.6901,0.6987,1.727,LR,14.54,0.2215,0.01107,LR,7.759,0.7457,0.0232,LR,1,7
None,Medium,NM,1.109,5.00E-07,0.07646,LR,-11.26,0.000406,1.942,LR,-14.42,0.2128,0.01065,LR,-87.84,0.0435,0.03667,LR,1,7
None,Medium,NM,0.5211,1.09E-05,0.0539,LR,-19.55,0.0001264,2.84,LR,-25.76,0.1729,0.01721,LR,37.56,0.1413,0.02301,LR,1,7
None,Medium,NM,0.8453,5.52E-07,0.06774,LR,-22.56,4.04E-07,1.743,LR,-16.61,0.2277,0.01283,LR,12,0.7826,0.04219,LR,1,7
None,Medium,NM,0.05139,0.6694,0.116,LR,-14.48,0.01715,4.832,LR,-24.43,0.02638,0.008992,LR,-107.5,0.04642,0.04569,LR,1,14
None,Medium,NM,2.097,6.38E-05,0.3196,LR,-17.89,0.000225,3.191,LR,95.48,2.61E-06,0.01008,LR,-90.51,0.0003732,0.01724,LR,1,14
None,Medium,NM,1.085,9.44E-07,0.09263,LR,-62.96,1.62E-06,5.73,LR,-51.41,0.01158,0.01628,LR,-56.74,0.1136,0.03238,LR,1,14
None,Medium,NM,NA,0.02381,0.361,LR,-30.99,0.0002569,4.041,LR,-27.4,0.05631,0.01161,LR,-287.4,0.0006278,0.04416,LR,2,14
None,Medium,NM,-0.1177,0.111,0.0657,LR,-26.82,0.0005329,4.821,LR,-26.53,0.2124,0.01958,LR,28.37,0.4914,0.03935,LR,1,21
None,Medium,NM,1.588,2.11E-06,0.08982,LR,-21.6,0.008151,5.563,LR,-17.69,0.2012,0.01232,LR,-81.41,0.1827,0.05405,LR,1,21
None,Medium,NM,1.152,1.54E-05,0.09149,LR,-49.55,1.19E-05,3.764,LR,-69.51,0.004949,0.01607,LR,17.42,0.5785,0.02967,LR,1,21
None,Medium,NM,0.8737,1.44E-07,0.05989,LR,-44.24,3.22E-07,3.33,LR,-24.29,0.1423,0.01511,LR,-37.6,0.274,0.03227,LR,1,21
None,None,NN,-0.274,2.68E-05,0.03202,LR,15.66,0.003393,3.81,LR,-28.65,0.1281,0.01688,LR,73.48,0.1177,0.04191,LR,1,0
None,None,NN,0.4491,4.16E-05,0.06078,LR,14.08,0.002573,3.412,LR,-50.85,0.0004228,0.009386,LR,6.13,0.8179,0.02586,LR,1,0
None,None,NN,0.01139,0.8186,0.04826,LR,25.53,2.18E-05,3.185,LR,21.27,0.04082,0.008912,LR,-20.13,0.4014,0.02286,LR,1,0
None,None,NN,0.4302,4.58E-06,0.03962,LR,-17.12,0.0001047,2.42,LR,-23.72,0.2172,0.0177,LR,3.08,0.9276,0.03284,LR,1,0
None,None,NN,-0.3114,0.004934,0.0842,LR,1.374,0.4785,1.858,LR,28.97,7.00E-05,0.004194,LR,58.36,0.1547,0.03757,LR,1,3
None,None,NN,0.9999,4.49E-06,0.1028,LR,6.522,0.08778,3.406,LR,66.06,0.0004991,0.01248,LR,15.39,0.6805,0.03617,LR,1,3
None,None,NN,0.594,2.74E-07,0.04916,LR,-7.584,0.02702,2.93,LR,-2.332,0.8348,0.01089,LR,-30.55,0.2052,0.02254,LR,1,3
None,None,NN,0.828,6.68E-07,0.05927,LR,-7.103,0.1893,4.951,LR,-37.18,0.07954,0.01852,LR,-32.3,0.3413,0.03192,LR,1,3
None,None,NN,0.08404,0.365,0.08751,LR,-8.284,0.003793,2.056,LR,49.75,0.006889,0.01378,LR,51.64,0.2412,0.0408,LR,1,7
None,None,NN,0.7132,4.89E-06,0.06627,LR,-18.63,5.51E-06,1.759,LR,23.11,0.1297,0.01368,LR,-90.18,0.02883,0.03391,LR,1,7
None,None,NN,0.7612,2.88E-07,0.05657,LR,-7.368,0.003729,1.899,LR,-31.55,0.02219,0.01144,LR,-41.32,0.2687,0.03505,LR,1,7
None,None,NN,0.9453,2.11E-11,0.02391,LR,-40.83,6.20E-06,4.363,LR,-8.219,0.4962,0.01159,LR,-17.22,0.6519,0.03691,LR,1,7
None,None,NN,0.1781,0.0878,0.09159,LR,-55.61,1.36E-06,4.365,LR,-3.015,0.7968,0.01133,LR,-42.01,0.2587,0.03455,LR,1,14
None,None,NN,1.034,4.95E-06,0.08304,LR,-28.86,1.84E-05,2.822,LR,-8.225,0.4359,0.009954,LR,-154.8,0.003377,0.03562,LR,1,14
None,None,NN,1.065,0.0001118,0.1519,LR,-34.99,2.69E-05,4.09,LR,-12.19,0.1594,0.007859,LR,8.396,0.7459,0.02503,LR,1,14
None,None,NN,0.8662,2.96E-05,0.1123,LR,-39.05,9.42E-06,4.392,LR,-11.43,0.3854,0.01253,LR,-114.5,0.0007533,0.02296,LR,1,14
None,None,NN,0.1274,0.02116,0.04573,LR,-46.67,7.21E-06,5.08,LR,5.062,0.6517,0.01084,LR,-12.14,0.7573,0.03809,LR,1,21
None,None,NN,0.8541,1.72E-08,0.03827,LR,-47.85,1.34E-06,3.748,LR,-21.73,0.1857,0.01501,LR,-52.67,0.2499,0.04245,LR,1,21
None,None,NN,1.067,5.88E-05,0.1246,LR,-43.08,0.0001423,5.776,LR,-36.1,0.1132,0.01994,LR,5.56,0.8398,0.0265,LR,1,21
None,None,NN,0.7512,5.28E-08,0.0459,LR,-38.04,2.84E-07,2.821,LR,-52.22,0.0001989,0.008682,LR,-22.04,0.5805,0.03845,LR,1,21
